<log4j:event logger="com.capgemini.cabs.logger.CabsLogger" timestamp="1496208294756" level="INFO" thread="main">
<log4j:message><![CDATA[Obtained Connection]]></log4j:message>
</log4j:event>

<log4j:event logger="com.capgemini.cabs.logger.CabsLogger" timestamp="1496208314987" level="INFO" thread="main">
<log4j:message><![CDATA[inserted record CabsRequests [requestId=0, customerName=shubham, phoneNumber=11225, dateOfRequest=2017-05-31, requestStatus=Accepted, cabNumber=MH VS 2345, addOfPick=hgsf, pincode=400096]]]></log4j:message>
</log4j:event>

<log4j:event logger="com.capgemini.cabs.logger.CabsLogger" timestamp="1496208331639" level="INFO" thread="main">
<log4j:message><![CDATA[inserted record CabsRequests [requestId=0, customerName=hgdfhks, phoneNumber=hgdh, dateOfRequest=2017-05-31, requestStatus=Not Accepted, cabNumber=null, addOfPick=vjh, pincode=411111]]]></log4j:message>
</log4j:event>

<log4j:event logger="com.capgemini.cabs.logger.CabsLogger" timestamp="1496209462523" level="INFO" thread="main">
<log4j:message><![CDATA[Obtained Connection]]></log4j:message>
</log4j:event>

<log4j:event logger="com.capgemini.cabs.logger.CabsLogger" timestamp="1496209483047" level="INFO" thread="main">
<log4j:message><![CDATA[inserted record CabsRequests [requestId=0, customerName=hgfsdf, phoneNumber=87867, dateOfRequest=2017-05-31, requestStatus=Not Accepted, cabNumber=null, addOfPick=abcscs, pincode=411111]]]></log4j:message>
</log4j:event>

<log4j:event logger="com.capgemini.cabs.logger.CabsLogger" timestamp="1496209491002" level="INFO" thread="main">
<log4j:message><![CDATA[fetch record CabsRequests [requestId=0, customerName=hgfsdf, phoneNumber=null, dateOfRequest=null, requestStatus=Not Accepted, cabNumber=null, addOfPick=abcscs, pincode=null]]]></log4j:message>
</log4j:event>

<log4j:event logger="com.capgemini.cabs.logger.CabsLogger" timestamp="1496209521186" level="INFO" thread="main">
<log4j:message><![CDATA[inserted record CabsRequests [requestId=0, customerName=shubham, phoneNumber=8421765567, dateOfRequest=2017-05-31, requestStatus=Accepted, cabNumber=MH VS 2345, addOfPick=mumbai, pincode=400096]]]></log4j:message>
</log4j:event>

<log4j:event logger="com.capgemini.cabs.logger.CabsLogger" timestamp="1496209525866" level="INFO" thread="main">
<log4j:message><![CDATA[fetch record CabsRequests [requestId=0, customerName=shubham, phoneNumber=null, dateOfRequest=null, requestStatus=Accepted, cabNumber=MH VS 2345, addOfPick=mumbai, pincode=null]]]></log4j:message>
</log4j:event>

<log4j:event logger="com.capgemini.cabs.logger.CabsLogger" timestamp="1496209589714" level="INFO" thread="main">
<log4j:message><![CDATA[Obtained Connection]]></log4j:message>
</log4j:event>

<log4j:event logger="com.capgemini.cabs.logger.CabsLogger" timestamp="1496209595033" level="INFO" thread="main">
<log4j:message><![CDATA[fetch record CabsRequests [requestId=0, customerName=shubham, phoneNumber=null, dateOfRequest=null, requestStatus=Accepted, cabNumber=MH VS 2345, addOfPick=mumbai, pincode=null]]]></log4j:message>
</log4j:event>

<log4j:event logger="com.capgemini.cabs.logger.CabsLogger" timestamp="1496209650071" level="INFO" thread="main">
<log4j:message><![CDATA[Obtained Connection]]></log4j:message>
</log4j:event>

<log4j:event logger="com.capgemini.cabs.logger.CabsLogger" timestamp="1496209655428" level="INFO" thread="main">
<log4j:message><![CDATA[fetch record CabsRequests [requestId=0, customerName=shubham, phoneNumber=null, dateOfRequest=null, requestStatus=Accepted, cabNumber=MH VS 2345, addOfPick=mumbai, pincode=null]]]></log4j:message>
</log4j:event>

<log4j:event logger="com.capgemini.cabs.logger.CabsLogger" timestamp="1496210487263" level="INFO" thread="main">
<log4j:message><![CDATA[Obtained Connection]]></log4j:message>
</log4j:event>

<log4j:event logger="com.capgemini.cabs.logger.CabsLogger" timestamp="1496210502030" level="INFO" thread="main">
<log4j:message><![CDATA[Obtained Connection]]></log4j:message>
</log4j:event>

<log4j:event logger="com.capgemini.cabs.logger.CabsLogger" timestamp="1496210594535" level="INFO" thread="main">
<log4j:message><![CDATA[Obtained Connection]]></log4j:message>
</log4j:event>

<log4j:event logger="com.capgemini.cabs.logger.CabsLogger" timestamp="1496210642398" level="INFO" thread="main">
<log4j:message><![CDATA[Obtained Connection]]></log4j:message>
</log4j:event>

<log4j:event logger="com.capgemini.cabs.logger.CabsLogger" timestamp="1496210700312" level="INFO" thread="main">
<log4j:message><![CDATA[inserted record CabsRequests [requestId=0, customerName=Shubham, phoneNumber=8421765567, dateOfRequest=2017-05-31, requestStatus=Accepted, cabNumber=MH VS 2345, addOfPick=Mumbai, pincode=400096]]]></log4j:message>
</log4j:event>

<log4j:event logger="com.capgemini.cabs.logger.CabsLogger" timestamp="1496210709860" level="INFO" thread="main">
<log4j:message><![CDATA[fetch record CabsRequests [requestId=0, customerName=Shubham, phoneNumber=null, dateOfRequest=null, requestStatus=Accepted, cabNumber=MH VS 2345, addOfPick=Mumbai, pincode=null]]]></log4j:message>
</log4j:event>

<log4j:event logger="com.capgemini.cabs.logger.CabsLogger" timestamp="1496211851756" level="INFO" thread="main">
<log4j:message><![CDATA[Obtained Connection]]></log4j:message>
</log4j:event>

<log4j:event logger="com.capgemini.cabs.logger.CabsLogger" timestamp="1496211851756" level="INFO" thread="main">
<log4j:message><![CDATA[Obtained Connection]]></log4j:message>
</log4j:event>

<log4j:event logger="com.capgemini.cabs.logger.CabsLogger" timestamp="1496211852287" level="INFO" thread="main">
<log4j:message><![CDATA[inserted record CabsRequests [requestId=0, customerName=Shubham, phoneNumber=8421765567, dateOfRequest=2017-05-31, requestStatus=Accepted, cabNumber=MH VH 34567, addOfPick=Capgemini, Mumbai, pincode=411026]]]></log4j:message>
</log4j:event>

<log4j:event logger="com.capgemini.cabs.logger.CabsLogger" timestamp="1496211852381" level="INFO" thread="main">
<log4j:message><![CDATA[Obtained Connection]]></log4j:message>
</log4j:event>

<log4j:event logger="com.capgemini.cabs.logger.CabsLogger" timestamp="1496211852381" level="INFO" thread="main">
<log4j:message><![CDATA[Obtained Connection]]></log4j:message>
</log4j:event>

<log4j:event logger="com.capgemini.cabs.logger.CabsLogger" timestamp="1496211852397" level="INFO" thread="main">
<log4j:message><![CDATA[fetch record CabsRequests [requestId=0, customerName=shubham, phoneNumber=null, dateOfRequest=null, requestStatus=Accepted, cabNumber=MH VS 2345, addOfPick=mumbai, pincode=null]]]></log4j:message>
</log4j:event>

<log4j:event logger="com.capgemini.cabs.logger.CabsLogger" timestamp="1496211908272" level="INFO" thread="main">
<log4j:message><![CDATA[Obtained Connection]]></log4j:message>
</log4j:event>

<log4j:event logger="com.capgemini.cabs.logger.CabsLogger" timestamp="1496211908272" level="INFO" thread="main">
<log4j:message><![CDATA[Obtained Connection]]></log4j:message>
</log4j:event>

<log4j:event logger="com.capgemini.cabs.logger.CabsLogger" timestamp="1496211908616" level="INFO" thread="main">
<log4j:message><![CDATA[inserted record CabsRequests [requestId=0, customerName=Shubham, phoneNumber=8421765567, dateOfRequest=2017-05-31, requestStatus=Accepted, cabNumber=MH VH 34567, addOfPick=Capgemini, Mumbai, pincode=411026]]]></log4j:message>
</log4j:event>

<log4j:event logger="com.capgemini.cabs.logger.CabsLogger" timestamp="1496211908694" level="INFO" thread="main">
<log4j:message><![CDATA[Obtained Connection]]></log4j:message>
</log4j:event>

<log4j:event logger="com.capgemini.cabs.logger.CabsLogger" timestamp="1496211908694" level="INFO" thread="main">
<log4j:message><![CDATA[Obtained Connection]]></log4j:message>
</log4j:event>

<log4j:event logger="com.capgemini.cabs.logger.CabsLogger" timestamp="1496211908710" level="INFO" thread="main">
<log4j:message><![CDATA[fetch record CabsRequests [requestId=0, customerName=shubham, phoneNumber=null, dateOfRequest=null, requestStatus=Accepted, cabNumber=MH VS 2345, addOfPick=mumbai, pincode=null]]]></log4j:message>
</log4j:event>

<log4j:event logger="com.capgemini.cabs.logger.CabsLogger" timestamp="1496211921369" level="INFO" thread="main">
<log4j:message><![CDATA[Obtained Connection]]></log4j:message>
</log4j:event>

<log4j:event logger="com.capgemini.cabs.logger.CabsLogger" timestamp="1496211921369" level="INFO" thread="main">
<log4j:message><![CDATA[Obtained Connection]]></log4j:message>
</log4j:event>

<log4j:event logger="com.capgemini.cabs.logger.CabsLogger" timestamp="1496211921728" level="INFO" thread="main">
<log4j:message><![CDATA[inserted record CabsRequests [requestId=0, customerName=Shubham, phoneNumber=8421765567, dateOfRequest=2017-05-31, requestStatus=Not Accepted, cabNumber=null, addOfPick=Capgemini, Mumbai, pincode=4110]]]></log4j:message>
</log4j:event>

<log4j:event logger="com.capgemini.cabs.logger.CabsLogger" timestamp="1496211921806" level="INFO" thread="main">
<log4j:message><![CDATA[Obtained Connection]]></log4j:message>
</log4j:event>

<log4j:event logger="com.capgemini.cabs.logger.CabsLogger" timestamp="1496211921806" level="INFO" thread="main">
<log4j:message><![CDATA[Obtained Connection]]></log4j:message>
</log4j:event>

<log4j:event logger="com.capgemini.cabs.logger.CabsLogger" timestamp="1496211921822" level="INFO" thread="main">
<log4j:message><![CDATA[fetch record CabsRequests [requestId=0, customerName=shubham, phoneNumber=null, dateOfRequest=null, requestStatus=Accepted, cabNumber=MH VS 2345, addOfPick=mumbai, pincode=null]]]></log4j:message>
</log4j:event>

<log4j:event logger="com.capgemini.cabs.logger.CabsLogger" timestamp="1496211958605" level="INFO" thread="main">
<log4j:message><![CDATA[Obtained Connection]]></log4j:message>
</log4j:event>

<log4j:event logger="com.capgemini.cabs.logger.CabsLogger" timestamp="1496211958605" level="INFO" thread="main">
<log4j:message><![CDATA[Obtained Connection]]></log4j:message>
</log4j:event>

<log4j:event logger="com.capgemini.cabs.logger.CabsLogger" timestamp="1496211958933" level="INFO" thread="main">
<log4j:message><![CDATA[inserted record CabsRequests [requestId=0, customerName=Shubham, phoneNumber=8421765567, dateOfRequest=2017-05-31, requestStatus=Accepted, cabNumber=MH VH 34567, addOfPick=Capgemini, Mumbai, pincode=411026]]]></log4j:message>
</log4j:event>

<log4j:event logger="com.capgemini.cabs.logger.CabsLogger" timestamp="1496211959011" level="INFO" thread="main">
<log4j:message><![CDATA[Obtained Connection]]></log4j:message>
</log4j:event>

<log4j:event logger="com.capgemini.cabs.logger.CabsLogger" timestamp="1496211959011" level="INFO" thread="main">
<log4j:message><![CDATA[Obtained Connection]]></log4j:message>
</log4j:event>

<log4j:event logger="com.capgemini.cabs.logger.CabsLogger" timestamp="1496211969160" level="INFO" thread="main">
<log4j:message><![CDATA[Obtained Connection]]></log4j:message>
</log4j:event>

<log4j:event logger="com.capgemini.cabs.logger.CabsLogger" timestamp="1496211969160" level="INFO" thread="main">
<log4j:message><![CDATA[Obtained Connection]]></log4j:message>
</log4j:event>

<log4j:event logger="com.capgemini.cabs.logger.CabsLogger" timestamp="1496211969488" level="INFO" thread="main">
<log4j:message><![CDATA[inserted record CabsRequests [requestId=0, customerName=Shubham, phoneNumber=8421765567, dateOfRequest=2017-05-31, requestStatus=Accepted, cabNumber=MH VH 34567, addOfPick=Capgemini, Mumbai, pincode=411026]]]></log4j:message>
</log4j:event>

<log4j:event logger="com.capgemini.cabs.logger.CabsLogger" timestamp="1496211969566" level="INFO" thread="main">
<log4j:message><![CDATA[Obtained Connection]]></log4j:message>
</log4j:event>

<log4j:event logger="com.capgemini.cabs.logger.CabsLogger" timestamp="1496211969566" level="INFO" thread="main">
<log4j:message><![CDATA[Obtained Connection]]></log4j:message>
</log4j:event>

<log4j:event logger="com.capgemini.cabs.logger.CabsLogger" timestamp="1496211969581" level="INFO" thread="main">
<log4j:message><![CDATA[fetch record CabsRequests [requestId=0, customerName=shubham, phoneNumber=null, dateOfRequest=null, requestStatus=Accepted, cabNumber=MH VS 2345, addOfPick=mumbai, pincode=null]]]></log4j:message>
</log4j:event>

<log4j:event logger="com.capgemini.cabs.logger.CabsLogger" timestamp="1496212282780" level="INFO" thread="main">
<log4j:message><![CDATA[Obtained Connection]]></log4j:message>
</log4j:event>

<log4j:event logger="com.capgemini.cabs.logger.CabsLogger" timestamp="1496212364429" level="INFO" thread="main">
<log4j:message><![CDATA[inserted record CabsRequests [requestId=0, customerName=Shubham, phoneNumber=8421765567, dateOfRequest=2017-05-31, requestStatus=Accepted, cabNumber=MH AN 97886, addOfPick=Airoli, Mumbai, pincode=411013]]]></log4j:message>
</log4j:event>

<log4j:event logger="com.capgemini.cabs.logger.CabsLogger" timestamp="1496212377820" level="INFO" thread="main">
<log4j:message><![CDATA[fetch record CabsRequests [requestId=0, customerName=Shubham, phoneNumber=null, dateOfRequest=null, requestStatus=Accepted, cabNumber=MH AN 97886, addOfPick=Airoli, Mumbai, pincode=null]]]></log4j:message>
</log4j:event>

<log4j:event logger="com.capgemini.cabs.logger.CabsLogger" timestamp="1496212423821" level="INFO" thread="main">
<log4j:message><![CDATA[Obtained Connection]]></log4j:message>
</log4j:event>

<log4j:event logger="com.capgemini.cabs.logger.CabsLogger" timestamp="1496212489140" level="INFO" thread="main">
<log4j:message><![CDATA[inserted record CabsRequests [requestId=0, customerName=Shubham, phoneNumber=7027894563, dateOfRequest=2017-05-31, requestStatus=Accepted, cabNumber=MH KN 9856, addOfPick=Capgemini, Airoli, Mumbai, pincode=382009]]]></log4j:message>
</log4j:event>

<log4j:event logger="com.capgemini.cabs.logger.CabsLogger" timestamp="1496212499509" level="INFO" thread="main">
<log4j:message><![CDATA[fetch record CabsRequests [requestId=0, customerName=Shubham, phoneNumber=null, dateOfRequest=null, requestStatus=Accepted, cabNumber=MH KN 9856, addOfPick=Capgemini, Airoli, Mumbai, pincode=null]]]></log4j:message>
</log4j:event>

<log4j:event logger="com.capgemini.cabs.logger.CabsLogger" timestamp="1496212816208" level="INFO" thread="main">
<log4j:message><![CDATA[Obtained Connection]]></log4j:message>
</log4j:event>

<log4j:event logger="com.capgemini.cabs.logger.CabsLogger" timestamp="1496212897385" level="INFO" thread="main">
<log4j:message><![CDATA[inserted record CabsRequests [requestId=0, customerName=Bhushan, phoneNumber=7894561230, dateOfRequest=2017-05-31, requestStatus=Not Accepted, cabNumber=null, addOfPick=Mumbai, pincode=411111]]]></log4j:message>
</log4j:event>

